<?xml version="1.0" encoding="UTF-8"?>
<project-private xmlns="http://www.netbeans.org/ns/project-private/1">
    <editor-bookmarks xmlns="http://www.netbeans.org/ns/editor-bookmarks/2" lastBookmarkId="0"/>
    <open-files xmlns="http://www.netbeans.org/ns/projectui-open-files/2">
        <group>
            <file>file:/C:/Users/Manahil%20Mehmood/OneDrive/Documents/NetBeansProjects/HMS2/src/hms2/Room.java</file>
            <file>file:/C:/Users/Manahil%20Mehmood/OneDrive/Documents/NetBeansProjects/HMS2/src/hms2/Department.java</file>
            <file>file:/C:/Users/Manahil%20Mehmood/OneDrive/Documents/NetBeansProjects/HMS2/src/hms2/Login.java</file>
            <file>file:/C:/Users/Manahil%20Mehmood/OneDrive/Documents/NetBeansProjects/HMS2/src/hms2/Conn.java</file>
            <file>file:/C:/Users/Manahil%20Mehmood/OneDrive/Documents/NetBeansProjects/HMS2/src/hms2/UpdateRoom.java</file>
            <file>file:/C:/Users/Manahil%20Mehmood/OneDrive/Documents/NetBeansProjects/HMS2/src/hms2/AddEmployee.java</file>
            <file>file:/C:/Users/Manahil%20Mehmood/OneDrive/Documents/NetBeansProjects/HMS2/src/hms2/AddRooms.java</file>
            <file>file:/C:/Users/Manahil%20Mehmood/OneDrive/Documents/NetBeansProjects/HMS2/src/hms2/EmployeeInfo.java</file>
            <file>file:/C:/Users/Manahil%20Mehmood/OneDrive/Documents/NetBeansProjects/HMS2/src/hms2/Reception.java</file>
            <file>file:/C:/Users/Manahil%20Mehmood/OneDrive/Documents/NetBeansProjects/HMS2/src/hms2/Dashboard.java</file>
            <file>file:/C:/Users/Manahil%20Mehmood/OneDrive/Documents/NetBeansProjects/HMS2/src/hms2/HMS2.java</file>
            <file>file:/C:/Users/Manahil%20Mehmood/OneDrive/Documents/NetBeansProjects/HMS2/src/hms2/AddCustomer.java</file>
            <file>file:/C:/Users/Manahil%20Mehmood/OneDrive/Documents/NetBeansProjects/HMS2/src/hms2/SearchRoom.java</file>
            <file>file:/C:/Users/Manahil%20Mehmood/OneDrive/Documents/NetBeansProjects/HMS2/src/hms2/UpdateCheck.java</file>
            <file>file:/C:/Users/Manahil%20Mehmood/OneDrive/Documents/NetBeansProjects/HMS2/src/hms2/Checkout.java</file>
            <file>file:/C:/Users/Manahil%20Mehmood/OneDrive/Documents/NetBeansProjects/HMS2/src/hms2/ManagerInfo.java</file>
            <file>file:/C:/Users/Manahil%20Mehmood/OneDrive/Documents/NetBeansProjects/HMS2/src/hms2/CustomerInfo.java</file>
        </group>
    </open-files>
</project-private>
